Episodes = 1831,alpha=0.0001,gamma=0.99,epsilon=1.0,epsilon_decay_rate=0.998,tau=0.125,batch=128,64relu/64relu/linear,Adam opt,Loss mse,,,,,,,,,,,,
episode_rewards,hundred_ep_reward_avgs,episode_lengths,,,,,,,,,,,,,,,,,,,
-305.3194951,-120.62354,114,,,,,,,,,,,,,,,,,,,
-186.8154313,-113.9041096,93,,,,,,,,,,,,,,,,,,,
-482.1100419,-80.16561727,90,,,,,,,,,,,,,,,,,,,
-316.2543408,-78.84659193,80,,,,,,,,,,,,,,,,,,,
-209.0007919,-82.12336791,104,,,,,,,,,,,,,,,,,,,
-131.8466928,-90.50151257,121,,,,,,,,,,,,,,,,,,,
-228.9568239,-103.2086246,178,,,,,,,,,,,,,,,,,,,
-281.1644272,-103.4244656,274,,,,,,,,,,,,,,,,,,,
-222.3260237,-98.9794112,311,,,,,,,,,,,,,,,,,,,
23.4445839,-86.17445102,319,,,,,,,,,,,,,,,,,,,
-44.340604,-81.27465522,239,,,,,,,,,,,,,,,,,,,
-406.7008405,-65.84641344,334,,,,,,,,,,,,,,,,,,,
-252.4761449,-63.58646601,204,,,,,,,,,,,,,,,,,,,
-287.6085002,-52.62864033,271,,,,,,,,,,,,,,,,,,,
-285.2247895,-42.97234294,214,,,,,,,,,,,,,,,,,,,
-311.6363788,-31.29558449,188,,,,,,,,,,,,,,,,,,,
-225.0417543,-13.35697969,175,,,,,,,,,,,,,,,,,,,
-323.4854031,-6.440702006,139,,,,,,,,,,,,,,,,,,,
-234.2843656,-4.132768149,97,,,,,,,,,,,,,,,,,,,
-143.4303279,-4.959320238,96,,,,,,,,,,,,,,,,,,,
-155.9659184,-3.070106184,103,,,,,,,,,,,,,,,,,,,
-144.5697148,0.492243128,173,,,,,,,,,,,,,,,,,,,
-171.9321494,3.266021871,84,,,,,,,,,,,,,,,,,,,
-298.7171559,3.531041654,108,,,,,,,,,,,,,,,,,,,
-676.6707385,5.863988216,146,,,,,,,,,,,,,,,,,,,
-425.283211,11.49412159,108,,,,,,,,,,,,,,,,,,,
-469.2474741,16.1119553,99,,,,,,,,,,,,,,,,,,,
-551.767301,19.76939372,93,,,,,,,,,,,,,,,,,,,
-467.0376271,23.49673251,101,,,,,,,,,,,,,,,,,,,
-446.0214295,31.42347873,157,,,,,,,,,,,,,,,,,,,
-235.2260306,35.59533848,179,,,,,,,,,,,,,,,,,,,
-233.1277376,41.42929049,299,,,,,,,,,,,,,,,,,,,
-87.41154361,48.51600811,166,,,,,,,,,,,,,,,,,,,
-125.6868846,51.53124988,291,,,,,,,,,,,,,,,,,,,
-305.8756128,55.63920243,319,,,,,,,,,,,,,,,,,,,
13.96023524,53.59546572,342,,,,,,,,,,,,,,,,,,,
-253.5606994,50.88191966,319,,,,,,,,,,,,,,,,,,,
-61.95638692,48.02781292,336,,,,,,,,,,,,,,,,,,,
5.336678023,48.02385996,379,,,,,,,,,,,,,,,,,,,
-121.9022021,48.0525078,304,,,,,,,,,,,,,,,,,,,
-9.626341923,49.11084694,231,,,,,,,,,,,,,,,,,,,
-252.5802327,50.10545746,100,,,,,,,,,,,,,,,,,,,
-65.48975681,51.62431802,406,,,,,,,,,,,,,,,,,,,
-43.68655918,54.44500387,396,,,,,,,,,,,,,,,,,,,
-45.99279201,56.82101239,137,,,,,,,,,,,,,,,,,,,
-35.90216189,66.4706342,122,,,,,,,,,,,,,,,,,,,
-55.78970779,78.17491696,475,,,,,,,,,,,,,,,,,,,
-35.13361999,86.78759753,100,,,,,,,,,,,,,,,,,,,
-34.21140884,93.71784228,173,,,,,,,,,,,,,,,,,,,
-57.36732954,101.1068229,172,,,,,,,,,,,,,,,,,,,
-30.09209275,104.8425672,417,,,,,,,,,,,,,,,,,,,
-6.233738337,107.3984768,171,,,,,,,,,,,,,,,,,,,
-48.83566963,120.1491981,229,,,,,,,,,,,,,,,,,,,
-28.99330564,133.3807611,414,,,,,,,,,,,,,,,,,,,
-67.38888201,143.9257534,205,,,,,,,,,,,,,,,,,,,
-69.48855175,149.4868225,179,,,,,,,,,,,,,,,,,,,
-32.86563936,158.9466295,87,,,,,,,,,,,,,,,,,,,
-69.01047975,163.0125657,162,,,,,,,,,,,,,,,,,,,
-44.36129985,162.3525456,339,,,,,,,,,,,,,,,,,,,
-28.30133457,157.3791446,166,,,,,,,,,,,,,,,,,,,
-30.02854038,165.3224327,316,,,,,,,,,,,,,,,,,,,
7.940590298,170.3821989,226,,,,,,,,,,,,,,,,,,,
-45.0942092,168.2841158,252,,,,,,,,,,,,,,,,,,,
-28.45694719,170.7146423,496,,,,,,,,,,,,,,,,,,,
-34.9695735,176.3883904,346,,,,,,,,,,,,,,,,,,,
-13.97226694,174.5200346,234,,,,,,,,,,,,,,,,,,,
-62.08276146,176.6906982,233,,,,,,,,,,,,,,,,,,,
-26.26022794,182.7171042,353,,,,,,,,,,,,,,,,,,,
-9.887420364,189.4711894,206,,,,,,,,,,,,,,,,,,,
-47.53554713,200.0047414,179,,,,,,,,,,,,,,,,,,,
-30.92617732,194.9566627,356,,,,,,,,,,,,,,,,,,,
-30.16471549,197.0156663,336,,,,,,,,,,,,,,,,,,,
-136.2433199,195.762085,318,,,,,,,,,,,,,,,,,,,
-33.38431623,189.3750258,132,,,,,,,,,,,,,,,,,,,
-28.05074041,186.1866938,119,,,,,,,,,,,,,,,,,,,
-27.35376339,193.8532991,99,,,,,,,,,,,,,,,,,,,
-19.45919285,193.3132959,417,,,,,,,,,,,,,,,,,,,
-48.63470706,196.0059111,381,,,,,,,,,,,,,,,,,,,
-31.54697668,198.9646643,369,,,,,,,,,,,,,,,,,,,
-33.91750603,207.8045587,466,,,,,,,,,,,,,,,,,,,
-29.51081792,209.3661482,141,,,,,,,,,,,,,,,,,,,
-31.70021676,212.6152777,112,,,,,,,,,,,,,,,,,,,
-38.68126966,221.5924434,166,,,,,,,,,,,,,,,,,,,
-36.28579707,216.9072867,339,,,,,,,,,,,,,,,,,,,
-75.33447277,216.5049105,126,,,,,,,,,,,,,,,,,,,
-19.72812481,218.6170036,198,,,,,,,,,,,,,,,,,,,
-196.2503571,216.8077564,468,,,,,,,,,,,,,,,,,,,
-43.00843265,216.7156324,335,,,,,,,,,,,,,,,,,,,
-38.87253212,221.0269342,448,,,,,,,,,,,,,,,,,,,
-46.88785842,216.9019334,103,,,,,,,,,,,,,,,,,,,
-75.22848246,217.0067521,103,,,,,,,,,,,,,,,,,,,
-78.3458278,224.2624012,156,,,,,,,,,,,,,,,,,,,
-26.61843885,231.5452311,122,,,,,,,,,,,,,,,,,,,
-119.1099454,240.2236504,122,,,,,,,,,,,,,,,,,,,
-107.4237648,240.9852623,408,,,,,,,,,,,,,,,,,,,
-53.32010642,231.0673539,497,,,,,,,,,,,,,,,,,,,
-303.2000875,231.8691861,352,,,,,,,,,,,,,,,,,,,
-344.4058767,224.4477686,336,,,,,,,,,,,,,,,,,,,
-41.82624401,215.9180353,77,,,,,,,,,,,,,,,,,,,
-295.4004589,211.420111,336,,,,,,,,,,,,,,,,,,,
-92.1356583,215.7754707,393,,,,,,,,,,,,,,,,,,,
-15.67551281,211.5711742,407,,,,,,,,,,,,,,,,,,,
-227.1471122,202.0180641,289,,,,,,,,,,,,,,,,,,,
-50.43508665,197.369908,408,,,,,,,,,,,,,,,,,,,
-26.61945304,195.3907403,451,,,,,,,,,,,,,,,,,,,
-39.366504,206.3457487,264,,,,,,,,,,,,,,,,,,,
-65.01043224,202.9218225,273,,,,,,,,,,,,,,,,,,,
-18.16006163,203.0151339,360,,,,,,,,,,,,,,,,,,,
-36.64252035,202.9872264,206,,,,,,,,,,,,,,,,,,,
-0.241631262,190.2855716,474,,,,,,,,,,,,,,,,,,,
8.490319994,185.5542053,455,,,,,,,,,,,,,,,,,,,
-34.20814368,436,,,,,,,,,,,,,,,,,,,,
-20.95838731,413,,,,,,,,,,,,,,,,,,,,
-42.27505152,118,,,,,,,,,,,,,,,,,,,,
-55.72751609,447,,,,,,,,,,,,,,,,,,,,
-318.0245866,166,,,,,,,,,,,,,,,,,,,,
-296.3659249,336,,,,,,,,,,,,,,,,,,,,
-487.6093763,286,,,,,,,,,,,,,,,,,,,,
-300.7222703,328,,,,,,,,,,,,,,,,,,,,
-163.6300791,357,,,,,,,,,,,,,,,,,,,,
-122.7647362,287,,,,,,,,,,,,,,,,,,,,
-61.51818651,375,,,,,,,,,,,,,,,,,,,,
-12.33446713,314,,,,,,,,,,,,,,,,,,,,
-51.66543427,328,,,,,,,,,,,,,,,,,,,,
-11.40581023,394,,,,,,,,,,,,,,,,,,,,
-109.7396287,288,,,,,,,,,,,,,,,,,,,,
-19.00205341,339,,,,,,,,,,,,,,,,,,,,
5.212052285,195,,,,,,,,,,,,,,,,,,,,
-16.44544674,266,,,,,,,,,,,,,,,,,,,,
-25.62237966,320,,,,,,,,,,,,,,,,,,,,
-130.8421283,330,,,,,,,,,,,,,,,,,,,,
-44.05816362,340,,,,,,,,,,,,,,,,,,,,
-64.1631837,331,,,,,,,,,,,,,,,,,,,,
-334.3045045,183,,,,,,,,,,,,,,,,,,,,
-47.70478907,153,,,,,,,,,,,,,,,,,,,,
51.21395778,331,,,,,,,,,,,,,,,,,,,,
-143.2241754,375,,,,,,,,,,,,,,,,,,,,
-59.29945825,445,,,,,,,,,,,,,,,,,,,,
-247.9894217,257,,,,,,,,,,,,,,,,,,,,
-177.3638717,247,,,,,,,,,,,,,,,,,,,,
-206.6540402,167,,,,,,,,,,,,,,,,,,,,
-153.9127753,244,,,,,,,,,,,,,,,,,,,,
-65.34884586,272,,,,,,,,,,,,,,,,,,,,
-149.5731028,149,,,,,,,,,,,,,,,,,,,,
-63.81446715,384,,,,,,,,,,,,,,,,,,,,
-40.50240924,179,,,,,,,,,,,,,,,,,,,,
-75.60791263,414,,,,,,,,,,,,,,,,,,,,
-79.2021237,379,,,,,,,,,,,,,,,,,,,,
-270.6891824,241,,,,,,,,,,,,,,,,,,,,
-23.8918127,250,,,,,,,,,,,,,,,,,,,,
-40.91487623,243,,,,,,,,,,,,,,,,,,,,
-75.07344095,285,,,,,,,,,,,,,,,,,,,,
-34.06558652,332,,,,,,,,,,,,,,,,,,,,
-50.30910837,256,,,,,,,,,,,,,,,,,,,,
-340.8331209,373,,,,,,,,,,,,,,,,,,,,
-193.6292358,257,,,,,,,,,,,,,,,,,,,,
-30.51857384,227,,,,,,,,,,,,,,,,,,,,
-36.06942364,165,,,,,,,,,,,,,,,,,,,,
-68.47977562,290,,,,,,,,,,,,,,,,,,,,
-208.1954097,222,,,,,,,,,,,,,,,,,,,,
-226.2117852,241,,,,,,,,,,,,,,,,,,,,
-111.6705792,102,,,,,,,,,,,,,,,,,,,,
-237.8032727,229,,,,,,,,,,,,,,,,,,,,
-31.09309509,114,,,,,,,,,,,,,,,,,,,,
-93.60433388,235,,,,,,,,,,,,,,,,,,,,
-270.6642644,251,,,,,,,,,,,,,,,,,,,,
-275.4263603,174,,,,,,,,,,,,,,,,,,,,
-108.812099,170,,,,,,,,,,,,,,,,,,,,
-214.1609659,169,,,,,,,,,,,,,,,,,,,,
-172.4629901,180,,,,,,,,,,,,,,,,,,,,
-45.36014545,307,,,,,,,,,,,,,,,,,,,,
-79.0869154,227,,,,,,,,,,,,,,,,,,,,
-29.12701787,168,,,,,,,,,,,,,,,,,,,,
-181.7801443,126,,,,,,,,,,,,,,,,,,,,
-52.59285433,295,,,,,,,,,,,,,,,,,,,,
-19.6840326,270,,,,,,,,,,,,,,,,,,,,
-33.31557236,149,,,,,,,,,,,,,,,,,,,,
-44.2445577,144,,,,,,,,,,,,,,,,,,,,
3.86580957,140,,,,,,,,,,,,,,,,,,,,
-5.784126759,145,,,,,,,,,,,,,,,,,,,,
0.483899079,232,,,,,,,,,,,,,,,,,,,,
-47.39883934,301,,,,,,,,,,,,,,,,,,,,
-74.15269223,165,,,,,,,,,,,,,,,,,,,,
21.55554193,348,,,,,,,,,,,,,,,,,,,,
-2.35589548,282,,,,,,,,,,,,,,,,,,,,
19.82293486,94,,,,,,,,,,,,,,,,,,,,
-50.12578295,264,,,,,,,,,,,,,,,,,,,,
52.95650676,281,,,,,,,,,,,,,,,,,,,,
7.517986146,259,,,,,,,,,,,,,,,,,,,,
-13.75922185,224,,,,,,,,,,,,,,,,,,,,
-25.81497998,315,,,,,,,,,,,,,,,,,,,,
-25.02935673,153,,,,,,,,,,,,,,,,,,,,
-57.20294793,325,,,,,,,,,,,,,,,,,,,,
-2.266972836,195,,,,,,,,,,,,,,,,,,,,
-29.2037884,230,,,,,,,,,,,,,,,,,,,,
32.18420733,223,,,,,,,,,,,,,,,,,,,,
5.693441149,267,,,,,,,,,,,,,,,,,,,,
-26.32430655,285,,,,,,,,,,,,,,,,,,,,
-41.91714104,204,,,,,,,,,,,,,,,,,,,,
-13.46955128,179,,,,,,,,,,,,,,,,,,,,
-6.846799188,160,,,,,,,,,,,,,,,,,,,,
5.630799779,278,,,,,,,,,,,,,,,,,,,,
-2.085519897,301,,,,,,,,,,,,,,,,,,,,
-8.822511463,229,,,,,,,,,,,,,,,,,,,,
32.31571442,203,,,,,,,,,,,,,,,,,,,,
-15.96022457,281,,,,,,,,,,,,,,,,,,,,
-33.83309321,195,,,,,,,,,,,,,,,,,,,,
-32.92665175,304,,,,,,,,,,,,,,,,,,,,
9.802828642,316,,,,,,,,,,,,,,,,,,,,
-7.147180365,280,,,,,,,,,,,,,,,,,,,,
-28.42855392,289,,,,,,,,,,,,,,,,,,,,
-4.032221481,336,,,,,,,,,,,,,,,,,,,,
-28.36823211,288,,,,,,,,,,,,,,,,,,,,
-20.21826632,385,,,,,,,,,,,,,,,,,,,,
-49.48786121,408,,,,,,,,,,,,,,,,,,,,
10.07136491,364,,,,,,,,,,,,,,,,,,,,
-27.6393952,341,,,,,,,,,,,,,,,,,,,,
-41.40476376,381,,,,,,,,,,,,,,,,,,,,
-6.275539211,403,,,,,,,,,,,,,,,,,,,,
8.762223966,322,,,,,,,,,,,,,,,,,,,,
-9.61414666,324,,,,,,,,,,,,,,,,,,,,
-12.63959198,294,,,,,,,,,,,,,,,,,,,,
-54.71288294,324,,,,,,,,,,,,,,,,,,,,
-31.44027497,360,,,,,,,,,,,,,,,,,,,,
-40.75734426,350,,,,,,,,,,,,,,,,,,,,
47.166568,294,,,,,,,,,,,,,,,,,,,,
-39.09071625,330,,,,,,,,,,,,,,,,,,,,
-29.13773167,285,,,,,,,,,,,,,,,,,,,,
-10.99159049,298,,,,,,,,,,,,,,,,,,,,
2.543509293,349,,,,,,,,,,,,,,,,,,,,
-30.23129272,334,,,,,,,,,,,,,,,,,,,,
-1.155423242,365,,,,,,,,,,,,,,,,,,,,
-46.20553291,288,,,,,,,,,,,,,,,,,,,,
-54.66398988,376,,,,,,,,,,,,,,,,,,,,
12.54275355,342,,,,,,,,,,,,,,,,,,,,
38.79936513,273,,,,,,,,,,,,,,,,,,,,
-85.32103567,359,,,,,,,,,,,,,,,,,,,,
-35.80339953,242,,,,,,,,,,,,,,,,,,,,
49.0111773,288,,,,,,,,,,,,,,,,,,,,
-15.42721432,284,,,,,,,,,,,,,,,,,,,,
36.27012935,308,,,,,,,,,,,,,,,,,,,,
-52.38206481,368,,,,,,,,,,,,,,,,,,,,
-41.11216547,340,,,,,,,,,,,,,,,,,,,,
-24.62339263,361,,,,,,,,,,,,,,,,,,,,
-2.840608571,360,,,,,,,,,,,,,,,,,,,,
-65.66756274,371,,,,,,,,,,,,,,,,,,,,
-21.22020517,399,,,,,,,,,,,,,,,,,,,,
15.05772001,383,,,,,,,,,,,,,,,,,,,,
45.0034231,429,,,,,,,,,,,,,,,,,,,,
-37.00661937,399,,,,,,,,,,,,,,,,,,,,
21.22454259,72,,,,,,,,,,,,,,,,,,,,
-11.08736316,382,,,,,,,,,,,,,,,,,,,,
4.558327042,397,,,,,,,,,,,,,,,,,,,,
2.281697805,236,,,,,,,,,,,,,,,,,,,,
38.44351864,362,,,,,,,,,,,,,,,,,,,,
10.11525126,255,,,,,,,,,,,,,,,,,,,,
24.66198348,303,,,,,,,,,,,,,,,,,,,,
-31.71107546,419,,,,,,,,,,,,,,,,,,,,
38.12620673,341,,,,,,,,,,,,,,,,,,,,
3.378890732,356,,,,,,,,,,,,,,,,,,,,
10.81985568,385,,,,,,,,,,,,,,,,,,,,
2.390246581,58,,,,,,,,,,,,,,,,,,,,
6.115909352,375,,,,,,,,,,,,,,,,,,,,
-9.360512939,355,,,,,,,,,,,,,,,,,,,,
28.95212167,241,,,,,,,,,,,,,,,,,,,,
-48.66093849,92,,,,,,,,,,,,,,,,,,,,
-34.78196906,332,,,,,,,,,,,,,,,,,,,,
26.77552974,265,,,,,,,,,,,,,,,,,,,,
-34.91005057,223,,,,,,,,,,,,,,,,,,,,
50.70887139,196,,,,,,,,,,,,,,,,,,,,
64.72152735,319,,,,,,,,,,,,,,,,,,,,
22.59240908,312,,,,,,,,,,,,,,,,,,,,
59.04730079,201,,,,,,,,,,,,,,,,,,,,
35.50452516,298,,,,,,,,,,,,,,,,,,,,
13.48915694,266,,,,,,,,,,,,,,,,,,,,
-31.42895013,275,,,,,,,,,,,,,,,,,,,,
-16.43396062,265,,,,,,,,,,,,,,,,,,,,
16.12929518,172,,,,,,,,,,,,,,,,,,,,
23.4260196,480,,,,,,,,,,,,,,,,,,,,
28.56002718,123,,,,,,,,,,,,,,,,,,,,
53.63238767,189,,,,,,,,,,,,,,,,,,,,
52.07391697,279,,,,,,,,,,,,,,,,,,,,
-30.57684202,278,,,,,,,,,,,,,,,,,,,,
12.09836955,434,,,,,,,,,,,,,,,,,,,,
-13.6593955,493,,,,,,,,,,,,,,,,,,,,
11.58772018,128,,,,,,,,,,,,,,,,,,,,
31.67048585,135,,,,,,,,,,,,,,,,,,,,
0.357204553,268,,,,,,,,,,,,,,,,,,,,
42.2490091,435,,,,,,,,,,,,,,,,,,,,
0.309963709,282,,,,,,,,,,,,,,,,,,,,
39.22739023,295,,,,,,,,,,,,,,,,,,,,
-15.2843147,232,,,,,,,,,,,,,,,,,,,,
-9.750928934,286,,,,,,,,,,,,,,,,,,,,
-30.34844884,392,,,,,,,,,,,,,,,,,,,,
-31.6608666,466,,,,,,,,,,,,,,,,,,,,
47.47932546,151,,,,,,,,,,,,,,,,,,,,
-23.91569886,343,,,,,,,,,,,,,,,,,,,,
-162.9938068,207,,,,,,,,,,,,,,,,,,,,
-81.40084028,147,,,,,,,,,,,,,,,,,,,,
20.57651681,367,,,,,,,,,,,,,,,,,,,,
21.29245754,347,,,,,,,,,,,,,,,,,,,,
67.0459014,348,,,,,,,,,,,,,,,,,,,,
62.94941112,369,,,,,,,,,,,,,,,,,,,,
27.90003736,172,,,,,,,,,,,,,,,,,,,,
-9.324763182,396,,,,,,,,,,,,,,,,,,,,
51.92021119,442,,,,,,,,,,,,,,,,,,,,
-20.10514556,329,,,,,,,,,,,,,,,,,,,,
-42.48437262,357,,,,,,,,,,,,,,,,,,,,
-59.83964544,366,,,,,,,,,,,,,,,,,,,,
26.10929471,377,,,,,,,,,,,,,,,,,,,,
24.87783879,295,,,,,,,,,,,,,,,,,,,,
-131.5711371,466,,,,,,,,,,,,,,,,,,,,
-7.091843464,389,,,,,,,,,,,,,,,,,,,,
179.2395318,450,,,,,,,,,,,,,,,,,,,,
22.1252785,409,,,,,,,,,,,,,,,,,,,,
-26.00158582,283,,,,,,,,,,,,,,,,,,,,
15.78444396,353,,,,,,,,,,,,,,,,,,,,
49.1799785,367,,,,,,,,,,,,,,,,,,,,
17.16923804,277,,,,,,,,,,,,,,,,,,,,
-6.718488413,385,,,,,,,,,,,,,,,,,,,,
57.09827095,317,,,,,,,,,,,,,,,,,,,,
13.26022563,449,,,,,,,,,,,,,,,,,,,,
-7.481084024,307,,,,,,,,,,,,,,,,,,,,
-20.97324473,342,,,,,,,,,,,,,,,,,,,,
15.05592335,426,,,,,,,,,,,,,,,,,,,,
2.561550218,298,,,,,,,,,,,,,,,,,,,,
8.83212677,418,,,,,,,,,,,,,,,,,,,,
-85.67519082,286,,,,,,,,,,,,,,,,,,,,
46.70057853,258,,,,,,,,,,,,,,,,,,,,
58.08257649,399,,,,,,,,,,,,,,,,,,,,
68.34021099,276,,,,,,,,,,,,,,,,,,,,
-4.438452203,341,,,,,,,,,,,,,,,,,,,,
-117.4951174,297,,,,,,,,,,,,,,,,,,,,
54.49894519,295,,,,,,,,,,,,,,,,,,,,
81.53155624,314,,,,,,,,,,,,,,,,,,,,
-10.69336605,301,,,,,,,,,,,,,,,,,,,,
-94.1075349,297,,,,,,,,,,,,,,,,,,,,
26.93518083,294,,,,,,,,,,,,,,,,,,,,
43.09453446,335,,,,,,,,,,,,,,,,,,,,
51.33150079,381,,,,,,,,,,,,,,,,,,,,
-172.609861,351,,,,,,,,,,,,,,,,,,,,
-107.2857618,261,,,,,,,,,,,,,,,,,,,,
67.31355636,210,,,,,,,,,,,,,,,,,,,,
11.7227353,259,,,,,,,,,,,,,,,,,,,,
55.56972154,244,,,,,,,,,,,,,,,,,,,,
23.71412215,380,,,,,,,,,,,,,,,,,,,,
-73.52112581,364,,,,,,,,,,,,,,,,,,,,
33.91798946,369,,,,,,,,,,,,,,,,,,,,
27.64601205,286,,,,,,,,,,,,,,,,,,,,
25.30420646,432,,,,,,,,,,,,,,,,,,,,
20.39185419,237,,,,,,,,,,,,,,,,,,,,
13.44906081,310,,,,,,,,,,,,,,,,,,,,
67.22456472,436,,,,,,,,,,,,,,,,,,,,
33.83324197,384,,,,,,,,,,,,,,,,,,,,
207.8552363,296,,,,,,,,,,,,,,,,,,,,
93.74455913,325,,,,,,,,,,,,,,,,,,,,
37.70368471,294,,,,,,,,,,,,,,,,,,,,
85.86264412,315,,,,,,,,,,,,,,,,,,,,
27.79558042,209,,,,,,,,,,,,,,,,,,,,
35.70948954,264,,,,,,,,,,,,,,,,,,,,
59.82725528,297,,,,,,,,,,,,,,,,,,,,
58.62905561,364,,,,,,,,,,,,,,,,,,,,
12.46740077,214,,,,,,,,,,,,,,,,,,,,
58.22123464,273,,,,,,,,,,,,,,,,,,,,
46.65988461,398,,,,,,,,,,,,,,,,,,,,
36.5482238,266,,,,,,,,,,,,,,,,,,,,
78.71223772,285,,,,,,,,,,,,,,,,,,,,
46.34527366,247,,,,,,,,,,,,,,,,,,,,
35.71007461,225,,,,,,,,,,,,,,,,,,,,
67.47896936,235,,,,,,,,,,,,,,,,,,,,
19.06007985,277,,,,,,,,,,,,,,,,,,,,
59.09515894,157,,,,,,,,,,,,,,,,,,,,
64.95465861,153,,,,,,,,,,,,,,,,,,,,
57.95469418,124,,,,,,,,,,,,,,,,,,,,
42.32671604,193,,,,,,,,,,,,,,,,,,,,
35.3916892,180,,,,,,,,,,,,,,,,,,,,
67.06700437,314,,,,,,,,,,,,,,,,,,,,
68.60089137,202,,,,,,,,,,,,,,,,,,,,
71.87937394,221,,,,,,,,,,,,,,,,,,,,
67.12137832,387,,,,,,,,,,,,,,,,,,,,
46.95962783,258,,,,,,,,,,,,,,,,,,,,
42.88040657,326,,,,,,,,,,,,,,,,,,,,
55.38973145,251,,,,,,,,,,,,,,,,,,,,
96.31661314,247,,,,,,,,,,,,,,,,,,,,
43.85454757,207,,,,,,,,,,,,,,,,,,,,
198.1266969,318,,,,,,,,,,,,,,,,,,,,
53.57697427,334,,,,,,,,,,,,,,,,,,,,
49.40441888,241,,,,,,,,,,,,,,,,,,,,
57.09587298,473,,,,,,,,,,,,,,,,,,,,
-119.87223,410,,,,,,,,,,,,,,,,,,,,
55.7036668,357,,,,,,,,,,,,,,,,,,,,
64.08990594,363,,,,,,,,,,,,,,,,,,,,
73.86091299,243,,,,,,,,,,,,,,,,,,,,
84.85549993,216,,,,,,,,,,,,,,,,,,,,
51.45110448,149,,,,,,,,,,,,,,,,,,,,
55.74640293,151,,,,,,,,,,,,,,,,,,,,
32.45451126,167,,,,,,,,,,,,,,,,,,,,
28.49139891,354,,,,,,,,,,,,,,,,,,,,
70.35221555,245,,,,,,,,,,,,,,,,,,,,
1.555823891,204,,,,,,,,,,,,,,,,,,,,
81.74517346,165,,,,,,,,,,,,,,,,,,,,
69.00730772,237,,,,,,,,,,,,,,,,,,,,
75.92046123,282,,,,,,,,,,,,,,,,,,,,
97.61589453,219,,,,,,,,,,,,,,,,,,,,
90.74033935,114,,,,,,,,,,,,,,,,,,,,
59.4786447,255,,,,,,,,,,,,,,,,,,,,
79.89059351,435,,,,,,,,,,,,,,,,,,,,
-128.6373173,273,,,,,,,,,,,,,,,,,,,,
77.75761977,264,,,,,,,,,,,,,,,,,,,,
54.32840886,242,,,,,,,,,,,,,,,,,,,,
66.54740974,268,,,,,,,,,,,,,,,,,,,,
89.58955833,325,,,,,,,,,,,,,,,,,,,,
73.03259546,323,,,,,,,,,,,,,,,,,,,,
45.57340358,305,,,,,,,,,,,,,,,,,,,,
60.1564311,254,,,,,,,,,,,,,,,,,,,,
74.23214852,252,,,,,,,,,,,,,,,,,,,,
90.08775375,267,,,,,,,,,,,,,,,,,,,,
89.13603962,275,,,,,,,,,,,,,,,,,,,,
80.44406641,235,,,,,,,,,,,,,,,,,,,,
67.30498516,252,,,,,,,,,,,,,,,,,,,,
50.83147328,206,,,,,,,,,,,,,,,,,,,,
39.3685789,313,,,,,,,,,,,,,,,,,,,,
103.8228165,278,,,,,,,,,,,,,,,,,,,,
61.63885279,269,,,,,,,,,,,,,,,,,,,,
34.88911154,304,,,,,,,,,,,,,,,,,,,,
91.71368465,291,,,,,,,,,,,,,,,,,,,,
15.02278398,203,,,,,,,,,,,,,,,,,,,,
155.8376963,305,,,,,,,,,,,,,,,,,,,,
90.30842184,222,,,,,,,,,,,,,,,,,,,,
66.26146837,327,,,,,,,,,,,,,,,,,,,,
137.2700796,293,,,,,,,,,,,,,,,,,,,,
17.20871236,314,,,,,,,,,,,,,,,,,,,,
105.4594608,290,,,,,,,,,,,,,,,,,,,,
101.9228421,206,,,,,,,,,,,,,,,,,,,,
19.58710188,280,,,,,,,,,,,,,,,,,,,,
12.57762965,366,,,,,,,,,,,,,,,,,,,,
111.8770049,296,,,,,,,,,,,,,,,,,,,,
1.616976038,243,,,,,,,,,,,,,,,,,,,,
10.43838094,339,,,,,,,,,,,,,,,,,,,,
17.60733822,341,,,,,,,,,,,,,,,,,,,,
2.226188656,343,,,,,,,,,,,,,,,,,,,,
79.26342922,376,,,,,,,,,,,,,,,,,,,,
55.61831403,327,,,,,,,,,,,,,,,,,,,,
27.40467742,417,,,,,,,,,,,,,,,,,,,,
44.0812731,317,,,,,,,,,,,,,,,,,,,,
23.18453011,330,,,,,,,,,,,,,,,,,,,,
26.93355709,311,,,,,,,,,,,,,,,,,,,,
24.1078179,204,,,,,,,,,,,,,,,,,,,,
36.33334581,330,,,,,,,,,,,,,,,,,,,,
61.55798638,222,,,,,,,,,,,,,,,,,,,,
-75.9180814,291,,,,,,,,,,,,,,,,,,,,
5.658457634,436,,,,,,,,,,,,,,,,,,,,
1.527739899,364,,,,,,,,,,,,,,,,,,,,
60.05455066,377,,,,,,,,,,,,,,,,,,,,
98.76946514,315,,,,,,,,,,,,,,,,,,,,
37.76397698,268,,,,,,,,,,,,,,,,,,,,
42.58606106,230,,,,,,,,,,,,,,,,,,,,
51.03419095,217,,,,,,,,,,,,,,,,,,,,
84.81821116,259,,,,,,,,,,,,,,,,,,,,
18.68046418,404,,,,,,,,,,,,,,,,,,,,
18.30312701,301,,,,,,,,,,,,,,,,,,,,
21.33377031,317,,,,,,,,,,,,,,,,,,,,
109.0904871,252,,,,,,,,,,,,,,,,,,,,
-113.1111915,279,,,,,,,,,,,,,,,,,,,,
-36.91309895,413,,,,,,,,,,,,,,,,,,,,
48.01464886,350,,,,,,,,,,,,,,,,,,,,
40.01667119,217,,,,,,,,,,,,,,,,,,,,
33.10464552,292,,,,,,,,,,,,,,,,,,,,
33.08774691,367,,,,,,,,,,,,,,,,,,,,
39.34193883,228,,,,,,,,,,,,,,,,,,,,
55.27938563,276,,,,,,,,,,,,,,,,,,,,
-44.32356863,292,,,,,,,,,,,,,,,,,,,,
-123.499972,273,,,,,,,,,,,,,,,,,,,,
10.65517377,339,,,,,,,,,,,,,,,,,,,,
27.21129604,377,,,,,,,,,,,,,,,,,,,,
54.80488691,387,,,,,,,,,,,,,,,,,,,,
93.65087717,326,,,,,,,,,,,,,,,,,,,,
55.43991883,297,,,,,,,,,,,,,,,,,,,,
38.35746017,263,,,,,,,,,,,,,,,,,,,,
50.89862689,341,,,,,,,,,,,,,,,,,,,,
104.8462713,230,,,,,,,,,,,,,,,,,,,,
16.92956275,288,,,,,,,,,,,,,,,,,,,,
52.16084877,314,,,,,,,,,,,,,,,,,,,,
214.8791274,223,,,,,,,,,,,,,,,,,,,,
29.70736104,233,,,,,,,,,,,,,,,,,,,,
-78.09140861,283,,,,,,,,,,,,,,,,,,,,
63.89034993,242,,,,,,,,,,,,,,,,,,,,
93.81667579,230,,,,,,,,,,,,,,,,,,,,
47.80654641,215,,,,,,,,,,,,,,,,,,,,
57.63008055,100,,,,,,,,,,,,,,,,,,,,
24.6082196,234,,,,,,,,,,,,,,,,,,,,
63.82394264,454,,,,,,,,,,,,,,,,,,,,
102.6214078,498,,,,,,,,,,,,,,,,,,,,
53.27738944,240,,,,,,,,,,,,,,,,,,,,
-117.5519684,296,,,,,,,,,,,,,,,,,,,,
97.59759978,215,,,,,,,,,,,,,,,,,,,,
67.80195101,103,,,,,,,,,,,,,,,,,,,,
61.89364313,343,,,,,,,,,,,,,,,,,,,,
40.94736586,388,,,,,,,,,,,,,,,,,,,,
83.36397231,250,,,,,,,,,,,,,,,,,,,,
67.65092317,300,,,,,,,,,,,,,,,,,,,,
50.15838921,286,,,,,,,,,,,,,,,,,,,,
120.8592198,179,,,,,,,,,,,,,,,,,,,,
75.77496973,168,,,,,,,,,,,,,,,,,,,,
47.90394421,269,,,,,,,,,,,,,,,,,,,,
59.03074305,342,,,,,,,,,,,,,,,,,,,,
66.12919038,238,,,,,,,,,,,,,,,,,,,,
52.44438211,454,,,,,,,,,,,,,,,,,,,,
35.00230858,229,,,,,,,,,,,,,,,,,,,,
83.22411848,456,,,,,,,,,,,,,,,,,,,,
73.1537749,241,,,,,,,,,,,,,,,,,,,,
77.22644642,301,,,,,,,,,,,,,,,,,,,,
103.4193498,403,,,,,,,,,,,,,,,,,,,,
47.41233074,314,,,,,,,,,,,,,,,,,,,,
56.26351506,450,,,,,,,,,,,,,,,,,,,,
105.845507,181,,,,,,,,,,,,,,,,,,,,
87.10025123,318,,,,,,,,,,,,,,,,,,,,
91.47105538,312,,,,,,,,,,,,,,,,,,,,
60.92319941,234,,,,,,,,,,,,,,,,,,,,
93.76688595,166,,,,,,,,,,,,,,,,,,,,
112.1369021,225,,,,,,,,,,,,,,,,,,,,
98.13548456,302,,,,,,,,,,,,,,,,,,,,
115.8635776,289,,,,,,,,,,,,,,,,,,,,
57.18426016,127,,,,,,,,,,,,,,,,,,,,
84.16631794,400,,,,,,,,,,,,,,,,,,,,
71.23869361,275,,,,,,,,,,,,,,,,,,,,
63.6152734,431,,,,,,,,,,,,,,,,,,,,
106.8241851,126,,,,,,,,,,,,,,,,,,,,
108.9515397,389,,,,,,,,,,,,,,,,,,,,
59.36730104,234,,,,,,,,,,,,,,,,,,,,
96.23431115,247,,,,,,,,,,,,,,,,,,,,
50.95327345,262,,,,,,,,,,,,,,,,,,,,
47.34880257,301,,,,,,,,,,,,,,,,,,,,
48.58748028,378,,,,,,,,,,,,,,,,,,,,
81.27250386,191,,,,,,,,,,,,,,,,,,,,
91.75348457,417,,,,,,,,,,,,,,,,,,,,
102.7072167,345,,,,,,,,,,,,,,,,,,,,
86.35193019,308,,,,,,,,,,,,,,,,,,,,
109.6011419,326,,,,,,,,,,,,,,,,,,,,
53.1281379,252,,,,,,,,,,,,,,,,,,,,
145.9301402,358,,,,,,,,,,,,,,,,,,,,
112.8617399,369,,,,,,,,,,,,,,,,,,,,
102.018825,430,,,,,,,,,,,,,,,,,,,,
52.06989777,360,,,,,,,,,,,,,,,,,,,,
-11.35044925,440,,,,,,,,,,,,,,,,,,,,
28.4449526,373,,,,,,,,,,,,,,,,,,,,
142.873151,265,,,,,,,,,,,,,,,,,,,,
51.04097767,323,,,,,,,,,,,,,,,,,,,,
-24.68921594,326,,,,,,,,,,,,,,,,,,,,
83.9213717,225,,,,,,,,,,,,,,,,,,,,
81.12072181,235,,,,,,,,,,,,,,,,,,,,
132.7831302,315,,,,,,,,,,,,,,,,,,,,
62.89229727,377,,,,,,,,,,,,,,,,,,,,
196.5764527,368,,,,,,,,,,,,,,,,,,,,
94.51787672,382,,,,,,,,,,,,,,,,,,,,
88.70255804,243,,,,,,,,,,,,,,,,,,,,
200.779448,176,,,,,,,,,,,,,,,,,,,,
253.4635208,284,,,,,,,,,,,,,,,,,,,,
106.0809075,387,,,,,,,,,,,,,,,,,,,,
36.90700006,312,,,,,,,,,,,,,,,,,,,,
117.2340252,146,,,,,,,,,,,,,,,,,,,,
262.1866272,299,,,,,,,,,,,,,,,,,,,,
115.5060571,272,,,,,,,,,,,,,,,,,,,,
146.0221487,126,,,,,,,,,,,,,,,,,,,,
117.4222901,175,,,,,,,,,,,,,,,,,,,,
108.1614808,294,,,,,,,,,,,,,,,,,,,,
121.1054272,428,,,,,,,,,,,,,,,,,,,,
106.173429,318,,,,,,,,,,,,,,,,,,,,
181.1473809,201,,,,,,,,,,,,,,,,,,,,
-7.69750859,147,,,,,,,,,,,,,,,,,,,,
212.6696894,350,,,,,,,,,,,,,,,,,,,,
93.42491649,278,,,,,,,,,,,,,,,,,,,,
96.53937696,387,,,,,,,,,,,,,,,,,,,,
35.50334145,136,,,,,,,,,,,,,,,,,,,,
95.38528988,376,,,,,,,,,,,,,,,,,,,,
85.85975357,277,,,,,,,,,,,,,,,,,,,,
98.50708187,334,,,,,,,,,,,,,,,,,,,,
163.5967018,361,,,,,,,,,,,,,,,,,,,,
90.20305766,211,,,,,,,,,,,,,,,,,,,,
161.7341721,385,,,,,,,,,,,,,,,,,,,,
158.9884496,147,,,,,,,,,,,,,,,,,,,,
223.9110784,308,,,,,,,,,,,,,,,,,,,,
256.1561033,251,,,,,,,,,,,,,,,,,,,,
78.03769532,332,,,,,,,,,,,,,,,,,,,,
118.535473,300,,,,,,,,,,,,,,,,,,,,
-59.86021222,123,,,,,,,,,,,,,,,,,,,,
129.9921748,315,,,,,,,,,,,,,,,,,,,,
143.2193308,314,,,,,,,,,,,,,,,,,,,,
127.9884358,194,,,,,,,,,,,,,,,,,,,,
130.4882947,263,,,,,,,,,,,,,,,,,,,,
148.1315168,324,,,,,,,,,,,,,,,,,,,,
139.998411,271,,,,,,,,,,,,,,,,,,,,
111.8143694,362,,,,,,,,,,,,,,,,,,,,
136.8362227,372,,,,,,,,,,,,,,,,,,,,
50.83069069,213,,,,,,,,,,,,,,,,,,,,
244.9007461,313,,,,,,,,,,,,,,,,,,,,
123.6823061,294,,,,,,,,,,,,,,,,,,,,
143.673423,154,,,,,,,,,,,,,,,,,,,,
63.39563798,177,,,,,,,,,,,,,,,,,,,,
122.9826367,262,,,,,,,,,,,,,,,,,,,,
79.16714527,321,,,,,,,,,,,,,,,,,,,,
106.8952067,244,,,,,,,,,,,,,,,,,,,,
118.7271219,375,,,,,,,,,,,,,,,,,,,,
135.4858074,144,,,,,,,,,,,,,,,,,,,,
72.92175891,254,,,,,,,,,,,,,,,,,,,,
98.95650647,281,,,,,,,,,,,,,,,,,,,,
81.93809225,323,,,,,,,,,,,,,,,,,,,,
130.2753771,330,,,,,,,,,,,,,,,,,,,,
74.05545005,117,,,,,,,,,,,,,,,,,,,,
96.80612844,305,,,,,,,,,,,,,,,,,,,,
115.6911693,344,,,,,,,,,,,,,,,,,,,,
14.87096321,399,,,,,,,,,,,,,,,,,,,,
105.7604949,169,,,,,,,,,,,,,,,,,,,,
69.00877381,169,,,,,,,,,,,,,,,,,,,,
126.6619915,205,,,,,,,,,,,,,,,,,,,,
75.99293886,220,,,,,,,,,,,,,,,,,,,,
128.7477427,326,,,,,,,,,,,,,,,,,,,,
171.0816743,309,,,,,,,,,,,,,,,,,,,,
81.86159114,273,,,,,,,,,,,,,,,,,,,,
150.5196076,288,,,,,,,,,,,,,,,,,,,,
127.6674949,254,,,,,,,,,,,,,,,,,,,,
216.2788247,228,,,,,,,,,,,,,,,,,,,,
169.4963779,232,,,,,,,,,,,,,,,,,,,,
223.0405869,293,,,,,,,,,,,,,,,,,,,,
250.1192335,88,,,,,,,,,,,,,,,,,,,,
280.6910301,88,,,,,,,,,,,,,,,,,,,,
271.7749326,106,,,,,,,,,,,,,,,,,,,,
268.6899886,253,,,,,,,,,,,,,,,,,,,,
89.4498649,261,,,,,,,,,,,,,,,,,,,,
257.3385496,441,,,,,,,,,,,,,,,,,,,,
125.6762748,245,,,,,,,,,,,,,,,,,,,,
286.0872059,365,,,,,,,,,,,,,,,,,,,,
118.6130114,257,,,,,,,,,,,,,,,,,,,,
260.6387863,239,,,,,,,,,,,,,,,,,,,,
113.9506461,,,,,,,,,,,,,,,,,,,,,
275.9185325,,,,,,,,,,,,,,,,,,,,,
64.39216169,,,,,,,,,,,,,,,,,,,,,
290.1541653,,,,,,,,,,,,,,,,,,,,,
169.1208214,,,,,,,,,,,,,,,,,,,,,
266.026446,,,,,,,,,,,,,,,,,,,,,
246.1928043,,,,,,,,,,,,,,,,,,,,,
153.3876245,,,,,,,,,,,,,,,,,,,,,
252.9556158,,,,,,,,,,,,,,,,,,,,,
184.2901877,,,,,,,,,,,,,,,,,,,,,
310.983413,,,,,,,,,,,,,,,,,,,,,
56.09931812,,,,,,,,,,,,,,,,,,,,,
142.6395928,,,,,,,,,,,,,,,,,,,,,
68.94333706,,,,,,,,,,,,,,,,,,,,,
276.5083546,,,,,,,,,,,,,,,,,,,,,
253.2267459,,,,,,,,,,,,,,,,,,,,,
38.58643743,,,,,,,,,,,,,,,,,,,,,
256.1608099,,,,,,,,,,,,,,,,,,,,,
273.336302,,,,,,,,,,,,,,,,,,,,,
263.7584784,,,,,,,,,,,,,,,,,,,,,
15.72352532,,,,,,,,,,,,,,,,,,,,,
238.5625938,,,,,,,,,,,,,,,,,,,,,
249.8557354,,,,,,,,,,,,,,,,,,,,,
37.09401731,,,,,,,,,,,,,,,,,,,,,
161.3124461,,,,,,,,,,,,,,,,,,,,,
299.0468416,,,,,,,,,,,,,,,,,,,,,
15.08006762,,,,,,,,,,,,,,,,,,,,,
279.1980958,,,,,,,,,,,,,,,,,,,,,
212.2896991,,,,,,,,,,,,,,,,,,,,,
78.35189357,,,,,,,,,,,,,,,,,,,,,
259.1284424,,,,,,,,,,,,,,,,,,,,,
281.4269675,,,,,,,,,,,,,,,,,,,,,
250.3004558,,,,,,,,,,,,,,,,,,,,,
253.8920324,,,,,,,,,,,,,,,,,,,,,
246.9408,,,,,,,,,,,,,,,,,,,,,
244.328066,,,,,,,,,,,,,,,,,,,,,
107.3856063,,,,,,,,,,,,,,,,,,,,,
197.1613727,,,,,,,,,,,,,,,,,,,,,
261.1688893,,,,,,,,,,,,,,,,,,,,,
264.8069271,,,,,,,,,,,,,,,,,,,,,
3.061584279,,,,,,,,,,,,,,,,,,,,,
277.4689269,,,,,,,,,,,,,,,,,,,,,
-17.76039903,,,,,,,,,,,,,,,,,,,,,
264.7722217,,,,,,,,,,,,,,,,,,,,,
10.19180592,,,,,,,,,,,,,,,,,,,,,
258.9982793,,,,,,,,,,,,,,,,,,,,,
20.14739563,,,,,,,,,,,,,,,,,,,,,
249.0767017,,,,,,,,,,,,,,,,,,,,,
283.5259061,,,,,,,,,,,,,,,,,,,,,
25.89287443,,,,,,,,,,,,,,,,,,,,,
58.63394008,,,,,,,,,,,,,,,,,,,,,
16.45877682,,,,,,,,,,,,,,,,,,,,,
-7.631705292,,,,,,,,,,,,,,,,,,,,,
252.7794835,,,,,,,,,,,,,,,,,,,,,
282.4741683,,,,,,,,,,,,,,,,,,,,,
13.31455181,,,,,,,,,,,,,,,,,,,,,
66.93011233,,,,,,,,,,,,,,,,,,,,,
257.9127642,,,,,,,,,,,,,,,,,,,,,
-25.76653933,,,,,,,,,,,,,,,,,,,,,
27.22786588,,,,,,,,,,,,,,,,,,,,,
23.40520907,,,,,,,,,,,,,,,,,,,,,
14.12397269,,,,,,,,,,,,,,,,,,,,,
38.75339321,,,,,,,,,,,,,,,,,,,,,
29.46651508,,,,,,,,,,,,,,,,,,,,,
259.6389965,,,,,,,,,,,,,,,,,,,,,
25.33481181,,,,,,,,,,,,,,,,,,,,,
138.8088686,,,,,,,,,,,,,,,,,,,,,
296.7837242,,,,,,,,,,,,,,,,,,,,,
278.331792,,,,,,,,,,,,,,,,,,,,,
162.0287625,,,,,,,,,,,,,,,,,,,,,
32.11286115,,,,,,,,,,,,,,,,,,,,,
269.0345649,,,,,,,,,,,,,,,,,,,,,
265.6396916,,,,,,,,,,,,,,,,,,,,,
240.7803033,,,,,,,,,,,,,,,,,,,,,
-48.73154608,,,,,,,,,,,,,,,,,,,,,
272.1511535,,,,,,,,,,,,,,,,,,,,,
21.42610603,,,,,,,,,,,,,,,,,,,,,
273.8709027,,,,,,,,,,,,,,,,,,,,,
163.8118264,,,,,,,,,,,,,,,,,,,,,
47.38872978,,,,,,,,,,,,,,,,,,,,,
280.204253,,,,,,,,,,,,,,,,,,,,,
269.1425047,,,,,,,,,,,,,,,,,,,,,
273.2667381,,,,,,,,,,,,,,,,,,,,,
235.4535336,,,,,,,,,,,,,,,,,,,,,
29.69459602,,,,,,,,,,,,,,,,,,,,,
-10.2056131,,,,,,,,,,,,,,,,,,,,,
-16.45390364,,,,,,,,,,,,,,,,,,,,,
269.3876346,,,,,,,,,,,,,,,,,,,,,
298.4628312,,,,,,,,,,,,,,,,,,,,,
-42.71911632,,,,,,,,,,,,,,,,,,,,,
37.8392186,,,,,,,,,,,,,,,,,,,,,
266.2991131,,,,,,,,,,,,,,,,,,,,,
56.12353489,,,,,,,,,,,,,,,,,,,,,
290.6472834,,,,,,,,,,,,,,,,,,,,,
280.5936294,,,,,,,,,,,,,,,,,,,,,
240.8950715,,,,,,,,,,,,,,,,,,,,,
247.2093645,,,,,,,,,,,,,,,,,,,,,
224.6548405,,,,,,,,,,,,,,,,,,,,,
16.36270473,,,,,,,,,,,,,,,,,,,,,
276.8064634,,,,,,,,,,,,,,,,,,,,,
246.7970725,,,,,,,,,,,,,,,,,,,,,
216.1653084,,,,,,,,,,,,,,,,,,,,,
257.4157944,,,,,,,,,,,,,,,,,,,,,
248.992609,,,,,,,,,,,,,,,,,,,,,
271.9928791,,,,,,,,,,,,,,,,,,,,,
229.1296543,,,,,,,,,,,,,,,,,,,,,
225.3133812,,,,,,,,,,,,,,,,,,,,,
248.716205,,,,,,,,,,,,,,,,,,,,,
283.7071445,,,,,,,,,,,,,,,,,,,,,
219.0275528,,,,,,,,,,,,,,,,,,,,,
273.1146993,,,,,,,,,,,,,,,,,,,,,
224.5536684,,,,,,,,,,,,,,,,,,,,,
250.9777474,,,,,,,,,,,,,,,,,,,,,
264.9014323,,,,,,,,,,,,,,,,,,,,,
270.5570256,,,,,,,,,,,,,,,,,,,,,
222.451252,,,,,,,,,,,,,,,,,,,,,
254.5950792,,,,,,,,,,,,,,,,,,,,,
237.2427799,,,,,,,,,,,,,,,,,,,,,
273.8956189,,,,,,,,,,,,,,,,,,,,,
105.7274508,,,,,,,,,,,,,,,,,,,,,
-351.4771745,,,,,,,,,,,,,,,,,,,,,
119.7546399,,,,,,,,,,,,,,,,,,,,,
247.1459801,,,,,,,,,,,,,,,,,,,,,
256.8057832,,,,,,,,,,,,,,,,,,,,,
247.1165711,,,,,,,,,,,,,,,,,,,,,
274.7442405,,,,,,,,,,,,,,,,,,,,,
235.645713,,,,,,,,,,,,,,,,,,,,,
228.3843852,,,,,,,,,,,,,,,,,,,,,
215.724456,,,,,,,,,,,,,,,,,,,,,
225.2011853,,,,,,,,,,,,,,,,,,,,,
225.6449641,,,,,,,,,,,,,,,,,,,,,
252.4804892,,,,,,,,,,,,,,,,,,,,,
227.662901,,,,,,,,,,,,,,,,,,,,,
262.9496482,,,,,,,,,,,,,,,,,,,,,
218.5721926,,,,,,,,,,,,,,,,,,,,,
233.6264764,,,,,,,,,,,,,,,,,,,,,
247.7561863,,,,,,,,,,,,,,,,,,,,,
297.3482989,,,,,,,,,,,,,,,,,,,,,
-54.21545572,,,,,,,,,,,,,,,,,,,,,
239.6980254,,,,,,,,,,,,,,,,,,,,,
235.5693535,,,,,,,,,,,,,,,,,,,,,
236.1957003,,,,,,,,,,,,,,,,,,,,,
243.7758937,,,,,,,,,,,,,,,,,,,,,
267.7378102,,,,,,,,,,,,,,,,,,,,,
222.9704691,,,,,,,,,,,,,,,,,,,,,
313.4380201,,,,,,,,,,,,,,,,,,,,,
227.3776941,,,,,,,,,,,,,,,,,,,,,
265.0151071,,,,,,,,,,,,,,,,,,,,,
302.4001813,,,,,,,,,,,,,,,,,,,,,
-73.40606566,,,,,,,,,,,,,,,,,,,,,
153.6362963,,,,,,,,,,,,,,,,,,,,,
250.2676637,,,,,,,,,,,,,,,,,,,,,
284.0544952,,,,,,,,,,,,,,,,,,,,,
262.2068074,,,,,,,,,,,,,,,,,,,,,
-92.53477024,,,,,,,,,,,,,,,,,,,,,
218.5917796,,,,,,,,,,,,,,,,,,,,,
299.8491208,,,,,,,,,,,,,,,,,,,,,
24.93567859,,,,,,,,,,,,,,,,,,,,,
7.628112274,,,,,,,,,,,,,,,,,,,,,
277.1241762,,,,,,,,,,,,,,,,,,,,,
241.1418753,,,,,,,,,,,,,,,,,,,,,
48.75775648,,,,,,,,,,,,,,,,,,,,,
150.4514417,,,,,,,,,,,,,,,,,,,,,
273.6725525,,,,,,,,,,,,,,,,,,,,,
232.528592,,,,,,,,,,,,,,,,,,,,,
239.3191695,,,,,,,,,,,,,,,,,,,,,
274.8229465,,,,,,,,,,,,,,,,,,,,,
11.12431298,,,,,,,,,,,,,,,,,,,,,
264.9848705,,,,,,,,,,,,,,,,,,,,,
-6.428436193,,,,,,,,,,,,,,,,,,,,,
-7.4431978,,,,,,,,,,,,,,,,,,,,,
261.4729981,,,,,,,,,,,,,,,,,,,,,
288.3696123,,,,,,,,,,,,,,,,,,,,,
247.5662732,,,,,,,,,,,,,,,,,,,,,
146.1724056,,,,,,,,,,,,,,,,,,,,,
231.5783013,,,,,,,,,,,,,,,,,,,,,
-35.26483847,,,,,,,,,,,,,,,,,,,,,
-43.34207883,,,,,,,,,,,,,,,,,,,,,
243.7872455,,,,,,,,,,,,,,,,,,,,,
250.5637017,,,,,,,,,,,,,,,,,,,,,
259.7488833,,,,,,,,,,,,,,,,,,,,,
248.3376774,,,,,,,,,,,,,,,,,,,,,
68.27003047,,,,,,,,,,,,,,,,,,,,,
267.7226872,,,,,,,,,,,,,,,,,,,,,
245.0660909,,,,,,,,,,,,,,,,,,,,,
268.1997174,,,,,,,,,,,,,,,,,,,,,
-18.4000144,,,,,,,,,,,,,,,,,,,,,
258.669253,,,,,,,,,,,,,,,,,,,,,
42.49611807,,,,,,,,,,,,,,,,,,,,,
-21.67899701,,,,,,,,,,,,,,,,,,,,,
250.3973597,,,,,,,,,,,,,,,,,,,,,
165.8643137,,,,,,,,,,,,,,,,,,,,,
222.3256401,,,,,,,,,,,,,,,,,,,,,
251.7554509,,,,,,,,,,,,,,,,,,,,,
73.71441061,,,,,,,,,,,,,,,,,,,,,
32.86549955,,,,,,,,,,,,,,,,,,,,,
279.308117,,,,,,,,,,,,,,,,,,,,,
-20.95808385,,,,,,,,,,,,,,,,,,,,,
99.8943507,,,,,,,,,,,,,,,,,,,,,
225.583416,,,,,,,,,,,,,,,,,,,,,
242.0572761,,,,,,,,,,,,,,,,,,,,,
232.0531155,,,,,,,,,,,,,,,,,,,,,
107.3258019,,,,,,,,,,,,,,,,,,,,,
235.6890451,,,,,,,,,,,,,,,,,,,,,
232.6046607,,,,,,,,,,,,,,,,,,,,,
-17.0875295,,,,,,,,,,,,,,,,,,,,,
259.6587215,,,,,,,,,,,,,,,,,,,,,
216.718641,,,,,,,,,,,,,,,,,,,,,
74.61158197,,,,,,,,,,,,,,,,,,,,,
247.5987188,,,,,,,,,,,,,,,,,,,,,
243.2687822,,,,,,,,,,,,,,,,,,,,,
226.6131713,,,,,,,,,,,,,,,,,,,,,
234.0784196,,,,,,,,,,,,,,,,,,,,,
236.5190177,,,,,,,,,,,,,,,,,,,,,
269.0367455,,,,,,,,,,,,,,,,,,,,,
293.1599204,,,,,,,,,,,,,,,,,,,,,
122.8819122,,,,,,,,,,,,,,,,,,,,,
236.4852324,,,,,,,,,,,,,,,,,,,,,
222.7551001,,,,,,,,,,,,,,,,,,,,,
207.1985315,,,,,,,,,,,,,,,,,,,,,
271.9087294,,,,,,,,,,,,,,,,,,,,,
282.1300498,,,,,,,,,,,,,,,,,,,,,
233.2960849,,,,,,,,,,,,,,,,,,,,,
232.2728501,,,,,,,,,,,,,,,,,,,,,
254.3845923,,,,,,,,,,,,,,,,,,,,,
247.2432655,,,,,,,,,,,,,,,,,,,,,
244.537062,,,,,,,,,,,,,,,,,,,,,
240.77229,,,,,,,,,,,,,,,,,,,,,
273.5790963,,,,,,,,,,,,,,,,,,,,,
295.4768438,,,,,,,,,,,,,,,,,,,,,
124.7910455,,,,,,,,,,,,,,,,,,,,,
232.226949,,,,,,,,,,,,,,,,,,,,,
254.6117312,,,,,,,,,,,,,,,,,,,,,
103.8511431,,,,,,,,,,,,,,,,,,,,,
216.0331145,,,,,,,,,,,,,,,,,,,,,
270.448819,,,,,,,,,,,,,,,,,,,,,
260.1010562,,,,,,,,,,,,,,,,,,,,,
279.7378445,,,,,,,,,,,,,,,,,,,,,
269.0089837,,,,,,,,,,,,,,,,,,,,,
231.5014094,,,,,,,,,,,,,,,,,,,,,
273.803908,,,,,,,,,,,,,,,,,,,,,
125.9257624,,,,,,,,,,,,,,,,,,,,,
267.0958401,,,,,,,,,,,,,,,,,,,,,
275.8349486,,,,,,,,,,,,,,,,,,,,,
304.5881246,,,,,,,,,,,,,,,,,,,,,
258.7557377,,,,,,,,,,,,,,,,,,,,,
233.2832632,,,,,,,,,,,,,,,,,,,,,
112.0979251,,,,,,,,,,,,,,,,,,,,,
210.982878,,,,,,,,,,,,,,,,,,,,,
267.8068611,,,,,,,,,,,,,,,,,,,,,
250.4687967,,,,,,,,,,,,,,,,,,,,,
284.8449185,,,,,,,,,,,,,,,,,,,,,
118.0799795,,,,,,,,,,,,,,,,,,,,,
52.90659367,,,,,,,,,,,,,,,,,,,,,
260.9278664,,,,,,,,,,,,,,,,,,,,,
259.0459171,,,,,,,,,,,,,,,,,,,,,
276.3227686,,,,,,,,,,,,,,,,,,,,,
227.8007984,,,,,,,,,,,,,,,,,,,,,
266.0815936,,,,,,,,,,,,,,,,,,,,,
236.3100858,,,,,,,,,,,,,,,,,,,,,
298.7850909,,,,,,,,,,,,,,,,,,,,,
271.0948336,,,,,,,,,,,,,,,,,,,,,
292.541452,,,,,,,,,,,,,,,,,,,,,
267.9812782,,,,,,,,,,,,,,,,,,,,,
253.9787142,,,,,,,,,,,,,,,,,,,,,
259.1899117,,,,,,,,,,,,,,,,,,,,,
305.6341576,,,,,,,,,,,,,,,,,,,,,
292.385839,,,,,,,,,,,,,,,,,,,,,
277.6573582,,,,,,,,,,,,,,,,,,,,,
267.9831886,,,,,,,,,,,,,,,,,,,,,
267.7282131,,,,,,,,,,,,,,,,,,,,,
261.2481756,,,,,,,,,,,,,,,,,,,,,
259.922997,,,,,,,,,,,,,,,,,,,,,
267.3760137,,,,,,,,,,,,,,,,,,,,,
93.41852699,,,,,,,,,,,,,,,,,,,,,
-143.562507,,,,,,,,,,,,,,,,,,,,,
24.2212323,,,,,,,,,,,,,,,,,,,,,
247.7004646,,,,,,,,,,,,,,,,,,,,,
39.64505594,,,,,,,,,,,,,,,,,,,,,
266.9657073,,,,,,,,,,,,,,,,,,,,,
233.9786205,,,,,,,,,,,,,,,,,,,,,
311.9504881,,,,,,,,,,,,,,,,,,,,,
142.8130932,,,,,,,,,,,,,,,,,,,,,
203.9014339,,,,,,,,,,,,,,,,,,,,,
269.9275868,,,,,,,,,,,,,,,,,,,,,
250.0895903,,,,,,,,,,,,,,,,,,,,,
131.0300253,,,,,,,,,,,,,,,,,,,,,
267.3382803,,,,,,,,,,,,,,,,,,,,,
78.73794322,,,,,,,,,,,,,,,,,,,,,
242.4948569,,,,,,,,,,,,,,,,,,,,,
28.41475613,,,,,,,,,,,,,,,,,,,,,
275.1136203,,,,,,,,,,,,,,,,,,,,,
226.3061805,,,,,,,,,,,,,,,,,,,,,
271.6599159,,,,,,,,,,,,,,,,,,,,,
232.8468664,,,,,,,,,,,,,,,,,,,,,
255.4100322,,,,,,,,,,,,,,,,,,,,,
277.4031516,,,,,,,,,,,,,,,,,,,,,
244.4508341,,,,,,,,,,,,,,,,,,,,,
274.9543698,,,,,,,,,,,,,,,,,,,,,
-2.938520925,,,,,,,,,,,,,,,,,,,,,
44.77580378,,,,,,,,,,,,,,,,,,,,,
6.176287126,,,,,,,,,,,,,,,,,,,,,
39.57518972,,,,,,,,,,,,,,,,,,,,,
264.2608083,,,,,,,,,,,,,,,,,,,,,
229.6972179,,,,,,,,,,,,,,,,,,,,,
40.70200594,,,,,,,,,,,,,,,,,,,,,
6.300507367,,,,,,,,,,,,,,,,,,,,,
234.8816979,,,,,,,,,,,,,,,,,,,,,
257.2599657,,,,,,,,,,,,,,,,,,,,,
227.8776645,,,,,,,,,,,,,,,,,,,,,
11.36972428,,,,,,,,,,,,,,,,,,,,,
275.9888039,,,,,,,,,,,,,,,,,,,,,
226.2391264,,,,,,,,,,,,,,,,,,,,,
223.619035,,,,,,,,,,,,,,,,,,,,,
263.2296315,,,,,,,,,,,,,,,,,,,,,
280.6273931,,,,,,,,,,,,,,,,,,,,,
259.933052,,,,,,,,,,,,,,,,,,,,,
234.3516488,,,,,,,,,,,,,,,,,,,,,
259.5075952,,,,,,,,,,,,,,,,,,,,,
239.522005,,,,,,,,,,,,,,,,,,,,,
298.6264658,,,,,,,,,,,,,,,,,,,,,
237.6034536,,,,,,,,,,,,,,,,,,,,,
260.0665588,,,,,,,,,,,,,,,,,,,,,
263.4461932,,,,,,,,,,,,,,,,,,,,,
229.2460697,,,,,,,,,,,,,,,,,,,,,
226.9931316,,,,,,,,,,,,,,,,,,,,,
272.4025441,,,,,,,,,,,,,,,,,,,,,
275.0154138,,,,,,,,,,,,,,,,,,,,,
217.9573207,,,,,,,,,,,,,,,,,,,,,
48.364685,,,,,,,,,,,,,,,,,,,,,
223.6765315,,,,,,,,,,,,,,,,,,,,,
243.3917315,,,,,,,,,,,,,,,,,,,,,
-3.670125467,,,,,,,,,,,,,,,,,,,,,
280.9346089,,,,,,,,,,,,,,,,,,,,,
273.6588125,,,,,,,,,,,,,,,,,,,,,
249.542297,,,,,,,,,,,,,,,,,,,,,
266.5320961,,,,,,,,,,,,,,,,,,,,,
180.5990017,,,,,,,,,,,,,,,,,,,,,
236.619468,,,,,,,,,,,,,,,,,,,,,
267.7668718,,,,,,,,,,,,,,,,,,,,,
278.2676976,,,,,,,,,,,,,,,,,,,,,
251.0698681,,,,,,,,,,,,,,,,,,,,,
274.0505409,,,,,,,,,,,,,,,,,,,,,
241.1417905,,,,,,,,,,,,,,,,,,,,,
270.2607298,,,,,,,,,,,,,,,,,,,,,
252.5055172,,,,,,,,,,,,,,,,,,,,,
284.8597277,,,,,,,,,,,,,,,,,,,,,
269.0584173,,,,,,,,,,,,,,,,,,,,,
284.0870789,,,,,,,,,,,,,,,,,,,,,
223.7708726,,,,,,,,,,,,,,,,,,,,,
221.4748358,,,,,,,,,,,,,,,,,,,,,
127.941525,,,,,,,,,,,,,,,,,,,,,
244.5266833,,,,,,,,,,,,,,,,,,,,,
297.3484915,,,,,,,,,,,,,,,,,,,,,
268.8980976,,,,,,,,,,,,,,,,,,,,,
258.6066497,,,,,,,,,,,,,,,,,,,,,
285.8625291,,,,,,,,,,,,,,,,,,,,,
288.8504617,,,,,,,,,,,,,,,,,,,,,
240.9230823,,,,,,,,,,,,,,,,,,,,,
278.0143956,,,,,,,,,,,,,,,,,,,,,
163.2126243,,,,,,,,,,,,,,,,,,,,,
249.5346913,,,,,,,,,,,,,,,,,,,,,
218.2309078,,,,,,,,,,,,,,,,,,,,,
270.5547741,,,,,,,,,,,,,,,,,,,,,
250.0636618,,,,,,,,,,,,,,,,,,,,,
153.6264377,,,,,,,,,,,,,,,,,,,,,
124.575409,,,,,,,,,,,,,,,,,,,,,
245.2447531,,,,,,,,,,,,,,,,,,,,,
268.0667226,,,,,,,,,,,,,,,,,,,,,
94.3336616,,,,,,,,,,,,,,,,,,,,,
285.3553061,,,,,,,,,,,,,,,,,,,,,
146.6661713,,,,,,,,,,,,,,,,,,,,,
-3.696230285,,,,,,,,,,,,,,,,,,,,,
298.5580299,,,,,,,,,,,,,,,,,,,,,
290.3515877,,,,,,,,,,,,,,,,,,,,,
266.1299469,,,,,,,,,,,,,,,,,,,,,
269.2638846,,,,,,,,,,,,,,,,,,,,,
270.2364661,,,,,,,,,,,,,,,,,,,,,
281.0564764,,,,,,,,,,,,,,,,,,,,,
283.5960828,,,,,,,,,,,,,,,,,,,,,
280.7833962,,,,,,,,,,,,,,,,,,,,,
271.5339608,,,,,,,,,,,,,,,,,,,,,
232.7104001,,,,,,,,,,,,,,,,,,,,,
307.2487258,,,,,,,,,,,,,,,,,,,,,
292.1716492,,,,,,,,,,,,,,,,,,,,,
250.5725639,,,,,,,,,,,,,,,,,,,,,
246.8484614,,,,,,,,,,,,,,,,,,,,,
283.7132207,,,,,,,,,,,,,,,,,,,,,
252.0043071,,,,,,,,,,,,,,,,,,,,,
263.4604486,,,,,,,,,,,,,,,,,,,,,
263.3679507,,,,,,,,,,,,,,,,,,,,,
263.0368441,,,,,,,,,,,,,,,,,,,,,
281.042653,,,,,,,,,,,,,,,,,,,,,
320.7345907,,,,,,,,,,,,,,,,,,,,,
269.3602531,,,,,,,,,,,,,,,,,,,,,
267.4331943,,,,,,,,,,,,,,,,,,,,,
273.4820036,,,,,,,,,,,,,,,,,,,,,
240.470358,,,,,,,,,,,,,,,,,,,,,
241.9640371,,,,,,,,,,,,,,,,,,,,,
288.1801539,,,,,,,,,,,,,,,,,,,,,
279.7914616,,,,,,,,,,,,,,,,,,,,,
277.2267954,,,,,,,,,,,,,,,,,,,,,
291.4676457,,,,,,,,,,,,,,,,,,,,,
-82.59838719,,,,,,,,,,,,,,,,,,,,,
223.8749388,,,,,,,,,,,,,,,,,,,,,
254.7922867,,,,,,,,,,,,,,,,,,,,,
271.7297861,,,,,,,,,,,,,,,,,,,,,
268.0154456,,,,,,,,,,,,,,,,,,,,,
257.0646273,,,,,,,,,,,,,,,,,,,,,
302.8402324,,,,,,,,,,,,,,,,,,,,,
-73.39324945,,,,,,,,,,,,,,,,,,,,,
278.950208,,,,,,,,,,,,,,,,,,,,,
282.7214311,,,,,,,,,,,,,,,,,,,,,
242.6682063,,,,,,,,,,,,,,,,,,,,,
256.5869151,,,,,,,,,,,,,,,,,,,,,
252.5575182,,,,,,,,,,,,,,,,,,,,,
15.54341017,,,,,,,,,,,,,,,,,,,,,
148.3221334,,,,,,,,,,,,,,,,,,,,,
17.70933152,,,,,,,,,,,,,,,,,,,,,
44.26833116,,,,,,,,,,,,,,,,,,,,,
232.0311795,,,,,,,,,,,,,,,,,,,,,
259.5460712,,,,,,,,,,,,,,,,,,,,,
-23.06549992,,,,,,,,,,,,,,,,,,,,,
157.8321797,,,,,,,,,,,,,,,,,,,,,
214.5146487,,,,,,,,,,,,,,,,,,,,,
212.9797848,,,,,,,,,,,,,,,,,,,,,
253.3671752,,,,,,,,,,,,,,,,,,,,,
138.9445351,,,,,,,,,,,,,,,,,,,,,
215.9496539,,,,,,,,,,,,,,,,,,,,,
234.1513863,,,,,,,,,,,,,,,,,,,,,
261.7192647,,,,,,,,,,,,,,,,,,,,,
238.6077482,,,,,,,,,,,,,,,,,,,,,
267.1263594,,,,,,,,,,,,,,,,,,,,,
260.1321114,,,,,,,,,,,,,,,,,,,,,
251.494905,,,,,,,,,,,,,,,,,,,,,
279.0673229,,,,,,,,,,,,,,,,,,,,,
14.26375212,,,,,,,,,,,,,,,,,,,,,
66.08424838,,,,,,,,,,,,,,,,,,,,,
261.2543685,,,,,,,,,,,,,,,,,,,,,
216.9030121,,,,,,,,,,,,,,,,,,,,,
255.3914383,,,,,,,,,,,,,,,,,,,,,
28.7690598,,,,,,,,,,,,,,,,,,,,,
274.1562088,,,,,,,,,,,,,,,,,,,,,
124.8663385,,,,,,,,,,,,,,,,,,,,,
275.3585028,,,,,,,,,,,,,,,,,,,,,
43.08656334,,,,,,,,,,,,,,,,,,,,,
230.802083,,,,,,,,,,,,,,,,,,,,,
65.11567098,,,,,,,,,,,,,,,,,,,,,
-2.758348482,,,,,,,,,,,,,,,,,,,,,
102.1783595,,,,,,,,,,,,,,,,,,,,,
220.7942881,,,,,,,,,,,,,,,,,,,,,
73.9120935,,,,,,,,,,,,,,,,,,,,,
282.0609728,,,,,,,,,,,,,,,,,,,,,
216.0812122,,,,,,,,,,,,,,,,,,,,,
283.4528828,,,,,,,,,,,,,,,,,,,,,
235.8728091,,,,,,,,,,,,,,,,,,,,,
150.8891186,,,,,,,,,,,,,,,,,,,,,
-52.41460993,,,,,,,,,,,,,,,,,,,,,
251.7922499,,,,,,,,,,,,,,,,,,,,,
146.4671226,,,,,,,,,,,,,,,,,,,,,
299.9677461,,,,,,,,,,,,,,,,,,,,,
247.4700043,,,,,,,,,,,,,,,,,,,,,
2.554363464,,,,,,,,,,,,,,,,,,,,,
267.1873798,,,,,,,,,,,,,,,,,,,,,
275.3515558,,,,,,,,,,,,,,,,,,,,,
220.6478388,,,,,,,,,,,,,,,,,,,,,
290.0574799,,,,,,,,,,,,,,,,,,,,,
210.2221684,,,,,,,,,,,,,,,,,,,,,
260.5503093,,,,,,,,,,,,,,,,,,,,,
244.0389074,,,,,,,,,,,,,,,,,,,,,
279.1488685,,,,,,,,,,,,,,,,,,,,,
227.8190593,,,,,,,,,,,,,,,,,,,,,
253.8269668,,,,,,,,,,,,,,,,,,,,,
299.1147708,,,,,,,,,,,,,,,,,,,,,
235.1551157,,,,,,,,,,,,,,,,,,,,,
226.2660094,,,,,,,,,,,,,,,,,,,,,
214.9791554,,,,,,,,,,,,,,,,,,,,,
247.4363466,,,,,,,,,,,,,,,,,,,,,
234.0090962,,,,,,,,,,,,,,,,,,,,,
245.2093236,,,,,,,,,,,,,,,,,,,,,
285.0194781,,,,,,,,,,,,,,,,,,,,,
222.6071265,,,,,,,,,,,,,,,,,,,,,
272.8338322,,,,,,,,,,,,,,,,,,,,,
247.7986053,,,,,,,,,,,,,,,,,,,,,
227.4070892,,,,,,,,,,,,,,,,,,,,,
257.1910727,,,,,,,,,,,,,,,,,,,,,
79.23198094,,,,,,,,,,,,,,,,,,,,,
-13.45275171,,,,,,,,,,,,,,,,,,,,,
242.1167807,,,,,,,,,,,,,,,,,,,,,
216.912067,,,,,,,,,,,,,,,,,,,,,
27.51798608,,,,,,,,,,,,,,,,,,,,,
239.7873921,,,,,,,,,,,,,,,,,,,,,
85.78123472,,,,,,,,,,,,,,,,,,,,,
258.8584031,,,,,,,,,,,,,,,,,,,,,
255.0129148,,,,,,,,,,,,,,,,,,,,,
246.9349506,,,,,,,,,,,,,,,,,,,,,
196.2219415,,,,,,,,,,,,,,,,,,,,,
-24.73021307,,,,,,,,,,,,,,,,,,,,,
243.711202,,,,,,,,,,,,,,,,,,,,,
204.8202486,,,,,,,,,,,,,,,,,,,,,
107.1493057,,,,,,,,,,,,,,,,,,,,,
251.3107919,,,,,,,,,,,,,,,,,,,,,
8.504727431,,,,,,,,,,,,,,,,,,,,,
249.7566845,,,,,,,,,,,,,,,,,,,,,
242.0097831,,,,,,,,,,,,,,,,,,,,,
249.8164295,,,,,,,,,,,,,,,,,,,,,
291.486722,,,,,,,,,,,,,,,,,,,,,
259.3233862,,,,,,,,,,,,,,,,,,,,,
296.6351772,,,,,,,,,,,,,,,,,,,,,
23.97673296,,,,,,,,,,,,,,,,,,,,,
235.3754638,,,,,,,,,,,,,,,,,,,,,
212.3013148,,,,,,,,,,,,,,,,,,,,,
298.1950875,,,,,,,,,,,,,,,,,,,,,
282.4577108,,,,,,,,,,,,,,,,,,,,,
12.1554382,,,,,,,,,,,,,,,,,,,,,
243.4123364,,,,,,,,,,,,,,,,,,,,,
277.9916972,,,,,,,,,,,,,,,,,,,,,
253.263621,,,,,,,,,,,,,,,,,,,,,
271.3699893,,,,,,,,,,,,,,,,,,,,,
279.4525069,,,,,,,,,,,,,,,,,,,,,
232.7765252,,,,,,,,,,,,,,,,,,,,,
284.4989334,,,,,,,,,,,,,,,,,,,,,
273.7913039,,,,,,,,,,,,,,,,,,,,,
201.3306312,,,,,,,,,,,,,,,,,,,,,
249.6404751,,,,,,,,,,,,,,,,,,,,,
284.0307306,,,,,,,,,,,,,,,,,,,,,
45.02770156,,,,,,,,,,,,,,,,,,,,,
42.67010402,,,,,,,,,,,,,,,,,,,,,
216.2912436,,,,,,,,,,,,,,,,,,,,,
297.6354131,,,,,,,,,,,,,,,,,,,,,
265.1305382,,,,,,,,,,,,,,,,,,,,,
238.5891894,,,,,,,,,,,,,,,,,,,,,
-32.11908423,,,,,,,,,,,,,,,,,,,,,
219.9222804,,,,,,,,,,,,,,,,,,,,,
264.1078748,,,,,,,,,,,,,,,,,,,,,
284.6986846,,,,,,,,,,,,,,,,,,,,,
261.2415896,,,,,,,,,,,,,,,,,,,,,
-36.16624415,,,,,,,,,,,,,,,,,,,,,
261.0628402,,,,,,,,,,,,,,,,,,,,,
130.862631,,,,,,,,,,,,,,,,,,,,,
237.555762,,,,,,,,,,,,,,,,,,,,,
180.4177351,,,,,,,,,,,,,,,,,,,,,
240.1598359,,,,,,,,,,,,,,,,,,,,,
116.0304659,,,,,,,,,,,,,,,,,,,,,
-6.887781826,,,,,,,,,,,,,,,,,,,,,
247.8950729,,,,,,,,,,,,,,,,,,,,,
198.5343175,,,,,,,,,,,,,,,,,,,,,
244.8089286,,,,,,,,,,,,,,,,,,,,,
-13.08323901,,,,,,,,,,,,,,,,,,,,,
212.9943826,,,,,,,,,,,,,,,,,,,,,
171.9599421,,,,,,,,,,,,,,,,,,,,,
241.4126756,,,,,,,,,,,,,,,,,,,,,
136.603889,,,,,,,,,,,,,,,,,,,,,
295.0168212,,,,,,,,,,,,,,,,,,,,,
43.00669071,,,,,,,,,,,,,,,,,,,,,
141.8814738,,,,,,,,,,,,,,,,,,,,,
230.1197158,,,,,,,,,,,,,,,,,,,,,
60.58140267,,,,,,,,,,,,,,,,,,,,,
230.2136595,,,,,,,,,,,,,,,,,,,,,
263.4182247,,,,,,,,,,,,,,,,,,,,,
63.47585618,,,,,,,,,,,,,,,,,,,,,
149.1232742,,,,,,,,,,,,,,,,,,,,,
-258.6057647,,,,,,,,,,,,,,,,,,,,,
-42.09752432,,,,,,,,,,,,,,,,,,,,,
-35.19088093,,,,,,,,,,,,,,,,,,,,,
10.91193679,,,,,,,,,,,,,,,,,,,,,
97.9171052,,,,,,,,,,,,,,,,,,,,,
113.2268671,,,,,,,,,,,,,,,,,,,,,
259.1100108,,,,,,,,,,,,,,,,,,,,,
76.47229404,,,,,,,,,,,,,,,,,,,,,
240.5866653,,,,,,,,,,,,,,,,,,,,,
252.9656992,,,,,,,,,,,,,,,,,,,,,
262.0314276,,,,,,,,,,,,,,,,,,,,,
239.7413431,,,,,,,,,,,,,,,,,,,,,
283.8530771,,,,,,,,,,,,,,,,,,,,,
248.9970807,,,,,,,,,,,,,,,,,,,,,
76.07855667,,,,,,,,,,,,,,,,,,,,,